{
  "$comment": "Single source of truth for release bindings. Generated by release_stamp.py; do not edit by hand.",
  "release_id": "v0.1.1",
  "is_bound": true,
  "generated_at_utc": "2026-01-13T20:21:16Z",
  "python_runtime": "3.14.0",
  "doctrine_binding": {
    "document": "docs/specs/OBSERVER_DOCTRINE.md",
    "hash_algorithm": "BLAKE2b-256",
    "hash": "e59dc19d68c2f73e83f734cb521047cff128015e913fe040b571c515974b0a03"
  },
  "license_binding": {
    "document": "registry/licenses/OEL-1.txt",
    "hash_algorithm": "BLAKE2b-256",
    "hash": "67a3fd9ebfd022351b918b6de69d4f6d2b9290cc5c1abb1d7260f818190de686"
  },
  "schema_binding": {
    "document": "contracts/schemas/adapter_constraints.schema.json",
    "hash_algorithm": "BLAKE2b-256",
    "hash": "94f274f07cd61529626f6c13e0ec363ba5456a8f109539596f72616cff9c3586"
  },
  "toolchain_binding": {
    "document": "contracts/TOOLCHAIN_LOCK.json",
    "hash_algorithm": "BLAKE2b-256",
    "hash": "a883c1396d73356b216d3db3de4a09fa0a48ace0a0826194c7bb0dd80090138d"
  },
  "integrity_note": "These declarations constrain representation and distribution only; they do not enable system action."
}
