{
  "schema_version": "1.0.0",
  "adapter": {
    "id": "cyber",
    "name": "Cyber Structural Observer",
    "version": "0.1.0"
  },
  "declared_boundaries": {
    "authority": "non_authoritative",
    "tier": "T2",
    "posture": "observer_only",
    "statement": "Declarations only; not permissions or grants.",
    "boundary_refs": [
      "BOUNDARY:RECONSTRUCTION",
      "BOUNDARY:NO_EXECUTION",
      "BOUNDARY:NO_PREDICTION",
      "BOUNDARY:NO_AUTHORITY"
    ]
  },
  "declared_prohibitions": {
    "semantic": {
      "semantic_inference": true,
      "intent_inference": true,
      "content_decoding": true,
      "topic_classification": true,
      "entity_extraction": true
    },
    "authority": {
      "control": true,
      "optimization": true,
      "decisioning": true,
      "prediction_claims": true,
      "alerting": true,
      "scoring": true,
      "ranking": true
    },
    "learning": {
      "model_updates": true,
      "outcome_feedback": true,
      "adaptation": true,
      "reinforcement": true
    },
    "identity": {
      "user_profiling": true,
      "fingerprinting": true,
      "attribution": true,
      "speaker_id": true
    },
    "cyber_specific": {
      "threat_classification": true,
      "attack_attribution": true,
      "remediation_steps": true,
      "detection_signatures": true,
      "ioc_generation": true,
      "severity_scoring": true,
      "incident_response": true
    }
  },
  "declared_constraints": {
    "input_constraints": {
      "rejected_field_patterns": [
        "pii_*",
        "freeform_notes",
        "content_*",
        "message_body",
        "transcript_*"
      ],
      "max_retention_seconds": 0,
      "raw_storage_prohibited": true
    },
    "processing_constraints": {
      "deterministic_only": true,
      "non_learning": true,
      "local_only": true
    },
    "invariants": [
      {
        "id": "INV:OBSERVER_ONLY",
        "name": "Observer Only",
        "statement": "This adapter observes structure; it never acts, recommends, or intervenes."
      },
      {
        "id": "INV:NON_SEMANTIC",
        "name": "Non-Semantic",
        "statement": "This adapter processes temporal/structural patterns only; no content or meaning."
      },
      {
        "id": "INV:NO_MODAL",
        "name": "No Modal Language",
        "statement": "Outputs never contain should, must, recommend, or action directives."
      }
    ]
  },
  "declared_nonclaims": [
    "No safety determination is made.",
    "No threat determination is made.",
    "No compliance determination is made.",
    "No medical diagnosis is made.",
    "No mental health assessment is made.",
    "No user state inference is made.",
    "No trait inference is made.",
    "No recommendation or action is provided."
  ],
  "declared_outputs": {
    "artifact_types": [
      {
        "name": "intervals.jsonl",
        "type": "jsonl",
        "contains": [
          "interval_id",
          "ts_start",
          "ts_end",
          "window_s",
          "markers",
          "indexes",
          "bands"
        ]
      },
      {
        "name": "markers.jsonl",
        "type": "jsonl",
        "contains": [
          "marker_id",
          "ts",
          "marker_type",
          "marker_class",
          "magnitude",
          "support"
        ]
      },
      {
        "name": "stats.json",
        "type": "json",
        "contains": [
          "pack_window",
          "aggregate_indexes",
          "marker_breakdown"
        ]
      },
      {
        "name": "provenance.json",
        "type": "json",
        "contains": [
          "schema_version",
          "pack_id",
          "generated_at_utc",
          "hashing",
          "refs",
          "artifacts"
        ]
      }
    ],
    "prohibited_output_patterns": [
      "recommend",
      "should",
      "must",
      "action",
      "alert",
      "warning",
      "risk",
      "threat",
      "diagnosis",
      "treatment",
      "intervention",
      "optimize",
      "improve",
      "suggests",
      "indicates that",
      "means that"
    ],
    "lintable_patterns": [
      "(should|must)\\s",
      "recommended\\s+action",
      "you\\s+should",
      "we\\s+recommend",
      "suggests\\s+(that|you)",
      "indicates\\s+(that|a|an)",
      "risk\\s+(level|score|of)",
      "threat\\s+(level|detected)",
      "confidence:\\s*\\d",
      "diagnosis",
      "treatment",
      "intervention",
      "optimize",
      "improve\\s+your"
    ],
    "required_footer": "Observational artifact only. Non-authoritative. No action implied."
  },
  "declared_observables": {
    "categories": [
      {
        "id": "cadence_burstiness",
        "name": "Cadence & Burstiness",
        "structural_only": true,
        "includes": ["inter_event_timing", "burstiness", "periodicity", "batch_density"]
      },
      {
        "id": "jitter_variance",
        "name": "Jitter & Variance",
        "structural_only": true,
        "includes": ["timing_jitter", "variance_bands", "smoothness", "irregularity"]
      },
      {
        "id": "spectral_geometry",
        "name": "Spectral/Tonal Geometry",
        "structural_only": true,
        "includes": ["frequency_bands", "tonal_distribution", "harmonic_structure", "shape_envelope"]
      },
      {
        "id": "staleness_freshness",
        "name": "Staleness & Freshness",
        "structural_only": true,
        "includes": ["age_distribution", "recency_markers", "staleness_index", "refresh_patterns"]
      },
      {
        "id": "drift_deviation",
        "name": "Drift & Deviation",
        "structural_only": true,
        "includes": ["delta_from_baseline", "novelty_score", "structural_drift", "deviation_magnitude"]
      },
      {
        "id": "discontinuities",
        "name": "Discontinuities",
        "structural_only": true,
        "includes": ["gap_markers", "fragmentation_index", "transition_density", "break_points"]
      }
    ]
  },
  "audit": {
    "provenance": {
      "hash_algorithm": "BLAKE2b-256",
      "hashes_include": [
        "adapter_constraints.json",
        "OBSERVER_DOCTRINE.md"
      ]
    },
    "retention": {
      "store_raw_inputs": false,
      "store_derived_artifacts": true,
      "store_outputs": true
    }
  },
  "doctrine_binding": {
    "document": "OBSERVER_DOCTRINE.md",
    "hash_algorithm": "BLAKE2b-256",
    "hash": "e59dc19d68c2f73e83f734cb521047cff128015e913fe040b571c515974b0a03"
  },
  "license_binding": {
    "license_id": "OEL-1.0",
    "license_doc": "registry/licenses/OEL-1.txt",
    "hash_binding_required": true
  }
}
