{
  "schema_version": "1.0.0",
  "pack_id": "cyber.minipack_v1",
  "generated_at_utc": "2026-01-13T19:50:49Z",
  "hashing": {
    "algorithm": "BLAKE2b-256",
    "encoding": "hex_lower"
  },
  "refs": {
    "adapter_constraints_ref": {
      "path": "../../adapter_constraints.json",
      "hash": "0df708b1b40b0e13e897e00306260ba3992ebb617dfd2edf6190eb1cb5658962"
    },
    "doctrine_ref": {
      "doc": "OBSERVER_DOCTRINE.md",
      "hash": "e59dc19d68c2f73e83f734cb521047cff128015e913fe040b571c515974b0a03"
    },
    "license_ref": {
      "doc": "OEL-1.txt",
      "hash": "67a3fd9ebfd022351b918b6de69d4f6d2b9290cc5c1abb1d7260f818190de686"
    }
  },
  "artifacts": [
    {
      "path": "intervals.jsonl",
      "hash": "b53a2dd776cf50a1f6cfc0c56989e2d2fa19370a135315df432ce15a8abc8006"
    },
    {
      "path": "markers.jsonl",
      "hash": "ffff2a3c14c1bedb168815b218498ed3ec9d0309d36d4de56b9d37a9a997361d"
    },
    {
      "path": "stats.json",
      "hash": "8c0f4499fe705eb0bebcd892501251018542a18b314aaac8c6cd59fe11f8dc28"
    },
    {
      "path": "NOTICE.md",
      "hash": "5971a07f49ab91960e383ae5c112b7bfe51245819711fb745eb998c0381f1084"
    }
  ],
  "_note": "Artifact hashes computed at release time",
  "_footer": "Observational artifact only. Non-authoritative. No action implied."
}
