{
  "pack_window": {
    "ts_start": "2026-01-13T15:00:00Z",
    "ts_end": "2026-01-13T15:03:00Z",
    "interval_count": 3,
    "marker_count": 5
  },
  "aggregate_indexes": {
    "cadence_index": { "mean": 0.397, "min": 0.29, "max": 0.52 },
    "jitter_index": { "mean": 0.237, "min": 0.18, "max": 0.31 },
    "spectral_index": { "mean": 0.413, "min": 0.38, "max": 0.45 },
    "staleness_index": { "mean": 0.087, "min": 0.06, "max": 0.12 },
    "drift_index": { "mean": 0.193, "min": 0.15, "max": 0.24 },
    "discontinuity_index": { "mean": 0.123, "min": 0.07, "max": 0.19 }
  },
  "marker_breakdown": {
    "burst_cluster": 1,
    "jitter_spike": 1,
    "spectral_shift": 1,
    "gap_discontinuity": 1,
    "drift_excursion": 1
  },
  "_footer": "Observational artifact only. Non-authoritative. No action implied."
}
