{
  "schema_version": "1.0.0",
  "adapter": {
    "id": "baseline",
    "name": "Baseline Personal Stability Observer",
    "version": "0.1.0"
  },
  "declared_boundaries": {
    "authority": "non_authoritative",
    "tier": "T2",
    "posture": "observer_only",
    "statement": "Declarations only; not permissions or grants.",
    "boundary_refs": [
      "BOUNDARY:RECONSTRUCTION",
      "BOUNDARY:NO_EXECUTION",
      "BOUNDARY:NO_PREDICTION",
      "BOUNDARY:NO_AUTHORITY"
    ]
  },
  "declared_prohibitions": {
    "semantic": {
      "semantic_inference": true,
      "intent_inference": true,
      "content_decoding": true,
      "topic_classification": true,
      "entity_extraction": true
    },
    "authority": {
      "control": true,
      "optimization": true,
      "decisioning": true,
      "prediction_claims": true,
      "alerting": true,
      "scoring": true,
      "ranking": true
    },
    "learning": {
      "model_updates": true,
      "outcome_feedback": true,
      "adaptation": true,
      "reinforcement": true
    },
    "identity": {
      "user_profiling": true,
      "fingerprinting": true,
      "attribution": true,
      "speaker_id": true
    },
    "baseline_specific": {
      "user_state_inference": true,
      "trait_inference": true,
      "mental_health_determination": true,
      "diagnosis": true,
      "safety_determination": true,
      "personalization_claims": true
    }
  },
  "declared_constraints": {
    "input_constraints": {
      "rejected_field_patterns": [
        "pii_*",
        "freeform_notes",
        "content_*",
        "message_body",
        "transcript_*"
      ],
      "max_retention_seconds": 0,
      "raw_storage_prohibited": true
    },
    "processing_constraints": {
      "deterministic_only": true,
      "non_learning": true,
      "local_only": true
    },
    "invariants": [
      {
        "id": "INV:OBSERVER_ONLY",
        "name": "Observer Only",
        "statement": "Baseline observes structure; it never acts, recommends, or intervenes."
      },
      {
        "id": "INV:NON_SEMANTIC",
        "name": "Non-Semantic",
        "statement": "Baseline processes temporal/structural patterns only; no content or meaning."
      },
      {
        "id": "INV:NO_MODAL",
        "name": "No Modal Language",
        "statement": "Outputs never contain should, must, recommend, or action directives."
      },
      {
        "id": "INV:DELTA_ONLY",
        "name": "Delta Only",
        "statement": "Drift outputs report deviation magnitude only; no inference about cause or state."
      }
    ]
  },
  "declared_nonclaims": [
    "No safety determination is made.",
    "No threat determination is made.",
    "No compliance determination is made.",
    "No medical diagnosis is made.",
    "No mental health assessment is made.",
    "No user state inference is made.",
    "No trait inference is made.",
    "No recommendation or action is provided."
  ],
  "declared_outputs": {
    "artifact_types": [
      {
        "name": "intervals.jsonl",
        "type": "jsonl",
        "contains": ["interval_id", "ts_start", "ts_end", "window_s", "markers", "indexes", "bands"]
      },
      {
        "name": "markers.jsonl",
        "type": "jsonl",
        "contains": ["marker_id", "ts", "marker_type", "marker_class", "magnitude", "support"]
      },
      {
        "name": "stats.json",
        "type": "json",
        "contains": ["pack_window", "aggregate_indexes", "marker_breakdown"]
      },
      {
        "name": "provenance.json",
        "type": "json",
        "contains": ["schema_version", "pack_id", "generated_at_utc", "hashing", "refs", "artifacts"]
      }
    ],
    "prohibited_output_patterns": [
      "recommend",
      "should",
      "must",
      "action",
      "alert",
      "warning",
      "risk",
      "threat",
      "diagnosis",
      "treatment",
      "intervention",
      "optimize",
      "improve",
      "suggests",
      "indicates that",
      "means that"
    ],
    "lintable_patterns": [
      "(should|must)\\s",
      "recommended\\s+action",
      "you\\s+should",
      "we\\s+recommend",
      "suggests\\s+(that|you)",
      "indicates\\s+(that|a|an)",
      "risk\\s+(level|score|of)",
      "threat\\s+(level|detected)",
      "confidence:\\s*\\d",
      "diagnosis",
      "treatment",
      "intervention",
      "optimize",
      "improve\\s+your"
    ],
    "required_footer": "Observational artifact only. Non-authoritative. No action implied."
  },
  "declared_observables": {
    "categories": [
      {
        "id": "pacing_cadence",
        "name": "Pacing & Cadence",
        "structural_only": true,
        "includes": ["inter_event_timing", "burstiness", "pause_distribution", "turn_length"]
      },
      {
        "id": "hesitation_friction",
        "name": "Hesitation & Friction Markers",
        "structural_only": true,
        "includes": ["revision_counts", "pause_spikes", "restart_patterns", "stall_intervals"]
      },
      {
        "id": "session_geometry",
        "name": "Session Geometry",
        "structural_only": true,
        "includes": ["phase_segmentation", "rhythm_changes", "transition_density", "fragmentation_index"]
      },
      {
        "id": "envelope_stability",
        "name": "Envelope Stability",
        "structural_only": true,
        "includes": ["variance_bands", "pacing_volatility", "trajectory_smoothness"]
      },
      {
        "id": "baseline_deviation",
        "name": "Deviation from Personal Baseline",
        "structural_only": true,
        "includes": ["delta_metrics", "novelty_score", "structural_drift"]
      },
      {
        "id": "error_repair",
        "name": "Error/Repair Dynamics",
        "structural_only": true,
        "includes": ["correction_loops", "retry_cycles", "state_oscillation"]
      },
      {
        "id": "modality_metadata",
        "name": "Input Modality Metadata",
        "structural_only": true,
        "includes": ["modality_presence", "sampling_rate", "missingness", "dropout_markers"]
      }
    ]
  },
  "audit": {
    "provenance": {
      "hash_algorithm": "BLAKE2b-256",
      "hashes_include": [
        "adapter_constraints.json",
        "OBSERVER_DOCTRINE.md"
      ]
    },
    "retention": {
      "store_raw_inputs": false,
      "store_derived_artifacts": true,
      "store_outputs": true
    }
  },
  "doctrine_binding": {
    "document": "OBSERVER_DOCTRINE.md",
    "hash_algorithm": "BLAKE2b-256",
    "hash": "e59dc19d68c2f73e83f734cb521047cff128015e913fe040b571c515974b0a03"
  },
  "license_binding": {
    "license_id": "OEL-1.0",
    "license_doc": "registry/licenses/OEL-1.txt",
    "hash_binding_required": true
  }
}
