{
  "schema_version": "1.0.0",
  "pack_id": "baseline.minipack_v1",
  "generated_at_utc": "2026-01-13T19:37:39Z",
  "hashing": {
    "algorithm": "BLAKE2b-256",
    "encoding": "hex_lower"
  },
  "refs": {
    "adapter_constraints_ref": {
      "path": "../../adapter_constraints.json",
      "hash": "911ed9a1ed457e260d29236c90a715f7dac2a339d6d725900853d01b8ae52385"
    },
    "doctrine_ref": {
      "doc": "OBSERVER_DOCTRINE.md",
      "hash": "e59dc19d68c2f73e83f734cb521047cff128015e913fe040b571c515974b0a03"
    },
    "license_ref": {
      "doc": "OEL-1.txt",
      "hash": "67a3fd9ebfd022351b918b6de69d4f6d2b9290cc5c1abb1d7260f818190de686"
    }
  },
  "artifacts": [
    {
      "path": "intervals.jsonl",
      "hash": "defb607baeef5d94a2c70615d64fdf336f61f3777c14bb8cd6466ea603eb5138"
    },
    {
      "path": "markers.jsonl",
      "hash": "b9b9a8f22424293a2d5b390417f67b67c990b41400a4af9296c55e0659466182"
    },
    {
      "path": "stats.json",
      "hash": "45f34880a22a5e657258fffc447a00fde92fbe600c0e6887411d31ed1ba6048a"
    },
    {
      "path": "NOTICE.md",
      "hash": "cb28917157f5ac24139d68bd59b512e4b0f7d7b9639908f3e103e5a5366969f5"
    }
  ],
  "_note": "Artifact hashes computed at release time",
  "_footer": "Observational artifact only. Non-authoritative. No action implied."
}
