{
  "pack_window": {
    "ts_start": "2026-01-13T15:00:00Z",
    "ts_end": "2026-01-13T15:03:00Z",
    "interval_count": 3,
    "marker_count": 5
  },
  "aggregate_indexes": {
    "pacing_index": { "mean": 0.433, "min": 0.33, "max": 0.56 },
    "hesitation_index": { "mean": 0.193, "min": 0.11, "max": 0.29 },
    "geometry_index": { "mean": 0.387, "min": 0.31, "max": 0.48 },
    "envelope_index": { "mean": 0.45, "min": 0.39, "max": 0.52 },
    "deviation_index": { "mean": 0.14, "min": 0.09, "max": 0.21 },
    "repair_index": { "mean": 0.22, "min": 0.17, "max": 0.28 },
    "staleness_index": { "mean": 0.05, "min": 0.04, "max": 0.06 }
  },
  "marker_breakdown": {
    "cadence_shift": 1,
    "pause_cluster": 1,
    "envelope_widen": 1,
    "trajectory_kink": 1,
    "repair_event": 1
  },
  "_footer": "Observational artifact only. Non-authoritative. No action implied."
}
