{
  "schema_version": "1.0.0",
  "pack_id": "flow.minipack_v1",
  "generated_at_utc": "2026-01-13T20:03:29Z",
  "hashing": {
    "algorithm": "BLAKE2b-256",
    "encoding": "hex_lower"
  },
  "refs": {
    "adapter_constraints_ref": {
      "path": "../../adapter_constraints.json",
      "hash": "12dda80bf9e1e473ef2d58912c39aa25883f5496ddee8512b52f8a7fe298c4dc"
    },
    "doctrine_ref": {
      "doc": "OBSERVER_DOCTRINE.md",
      "hash": "e59dc19d68c2f73e83f734cb521047cff128015e913fe040b571c515974b0a03"
    },
    "license_ref": {
      "doc": "OEL-1.txt",
      "hash": "67a3fd9ebfd022351b918b6de69d4f6d2b9290cc5c1abb1d7260f818190de686"
    }
  },
  "artifacts": [
    {
      "path": "intervals.jsonl",
      "hash": "0c4adf2aa17b020223d3b3e99a8969feef8af54137cb3a2d8fd9ed7a579901d9"
    },
    {
      "path": "markers.jsonl",
      "hash": "698d160a53e6560cc7072136ca1856131eb39b969706ca8d31442cbdedd2651c"
    },
    {
      "path": "stats.json",
      "hash": "ed82852c353e09d4580a4241bcc18993b3da5da33accf431ef3dde83083ca4ff"
    },
    {
      "path": "NOTICE.md",
      "hash": "5971a07f49ab91960e383ae5c112b7bfe51245819711fb745eb998c0381f1084"
    }
  ],
  "_note": "Artifact hashes computed at release time",
  "_footer": "Observational artifact only. Non-authoritative. No action implied."
}
