{
  "pack_window": {
    "ts_start": "2026-01-13T15:00:00Z",
    "ts_end": "2026-01-13T15:03:00Z",
    "interval_count": 3,
    "marker_count": 5
  },
  "aggregate_indexes": {
    "cadence_index": { "mean": 0.443, "min": 0.38, "max": 0.51 },
    "jitter_index": { "mean": 0.197, "min": 0.14, "max": 0.26 },
    "drift_index": { "mean": 0.173, "min": 0.13, "max": 0.22 },
    "staleness_index": { "mean": 0.077, "min": 0.05, "max": 0.11 },
    "discontinuity_index": { "mean": 0.1, "min": 0.06, "max": 0.15 },
    "envelope_index": { "mean": 0.36, "min": 0.31, "max": 0.42 }
  },
  "marker_breakdown": {
    "burst_cluster": 1,
    "jitter_spike": 1,
    "envelope_compress": 1,
    "gap_discontinuity": 1,
    "drift_excursion": 1
  },
  "_footer": "Observational artifact only. Non-authoritative. No action implied."
}
